{
  "r2_score": 0.998101798679183,
  "mae": 32.84285244260748,
  "mape": 6.514674939985577,
  "top_1": 0.0,
  "top_10": 0.0,
  "top_30": 0.0
}